{"cameraMode":{"drawMode":0,"name":"Shaded","section":"Shading Mode"},"sceneLighting":false,"audioPlay":false,"sceneViewState":{"showFog":false,"showMaterialUpdate":true,"showSkybox":false,"showFlares":true,"showImageEffects":true,"showParticleSystems":true},"in2DMode":false,"pivot":{"x":806.0731201171875,"y":410.68072509765627,"z":-1.8300164937973023},"rotation":{"x":-0.03322359547019005,"y":0.06981848180294037,"z":-0.0023118227254599334,"w":-0.9970185160636902},"size":1.6808271408081055,"orthographic":false}