{"cameraMode":{"drawMode":0,"name":"Shaded","section":"Shading Mode"},"sceneLighting":true,"audioPlay":false,"sceneViewState":{"showFog":false,"showMaterialUpdate":true,"showSkybox":true,"showFlares":true,"showImageEffects":true,"showParticleSystems":true},"in2DMode":false,"pivot":{"x":7.581784725189209,"y":0.0,"z":11.91872501373291},"rotation":{"x":-0.22413760423660279,"y":-0.1737513393163681,"z":0.04064718633890152,"w":-0.9580850005149841},"size":2.4144601821899416,"orthographic":false}