{"cameraMode":{"drawMode":0,"name":"Shaded","section":"Shading Mode"},"sceneLighting":true,"audioPlay":false,"sceneViewState":{"showFog":false,"showMaterialUpdate":true,"showSkybox":true,"showFlares":true,"showImageEffects":true,"showParticleSystems":true},"in2DMode":false,"pivot":{"x":9.64426040649414,"y":-0.6847389936447144,"z":5.590915679931641},"rotation":{"x":0.010768956504762173,"y":-0.9751743674278259,"z":0.04861083999276161,"w":0.21580763161182404},"size":14.275093078613282,"orthographic":false}